email,name,company
trevor.payne@admin.ox.ac.uk,Trevor Payne,University of Oxford
joe.brannigan@ed.ac.uk,Joe Brannigan,University of Edinburgh
rakesh.patel@imperial.ac.uk,Rakesh Patel,Imperial College London
bevan.speariett@nhs.net,Bevan Speariett,NHS
robert.sewell@nhs.scot,Robert Sewell,NHS Scotland
j.c.wilson1@leeds.ac.uk,J C Wilson,University of Leeds
trishiedoolan@gmail.com,Trishie Doolan,
i.duddy@qub.ac.uk,I Duddy,Queen's University Belfast
